Gender,Year of Study,Branch,SchoolingType,Result
Male,3,CSE/IT,Normal Schooling,80
Female,2,CSIT,Schooling with Tuitions,90
Male,2,CSIT,Normal Schooling,90
Male,2,CSIT,Normal Schooling,70
Male,2,CSIT,Normal Schooling,70
Male,2,CSIT,Normal Schooling,90
Female,2,CSIT,Schooling with Tuitions,80
Male,2,CSIT,Normal Schooling,90
Male,2,CSE,Normal Schooling,59
Male,2,IT,Schooling with Tuitions,90
Female,2,CSE,Normal Schooling,90
Female,2,CSE,Schooling with Tuitions,90
Female,2,CSIT,Normal Schooling,80
Male,2,CSIT,Normal Schooling,80
Male,2,CSE,Normal Schooling,80
Female,2,CSE,Normal Schooling,90
Male,2,CS,Normal Schooling,80
Female,2,CSE,Schooling with Tuitions,80
Male,2,CSE,Normal Schooling,90
Female,2,IT,Schooling with Tuitions,70
Male,2,IT,Normal Schooling,80
Female,2,CSE,Normal Schooling,90
Male,2,ECE,Schooling with Tuitions,80
Male,2,CSE,Schooling with Tuitions,80
Male,2,CSE,Normal Schooling,80
Male,2,CSIT,Normal Schooling,90
Male,2,CSAI,Normal Schooling,80
Male,2,CS,Schooling with Tuitions,80
Male,2,CSIT,Normal Schooling,90
Male,2,CS,Schooling with Tuitions,90
Female,2,CS,Normal Schooling,80
Female,2,CS,Schooling with Tuitions,80
Male,2,CSIT,Schooling with Tuitions,90
Male,2,IT,Normal Schooling,70
Male,2,CSE,Normal Schooling,90
Male,2,ECE,Normal Schooling,90
Male,2,CSIT,Normal Schooling,80
Male,2,IT,Schooling with Tuitions,90
Male,2,CSE,Normal Schooling,90
Male,2,CSIT,Schooling with Tuitions,80
Male,2,IT,Normal Schooling,90
Female,2,CS,Schooling with Tuitions,90
Male,3,CS,Normal Schooling,90
Male,2,CSE,Normal Schooling,80
Male,2,ECE,Normal Schooling,70
Male,2,CSE,Normal Schooling,90
Female,2,CSIT,Normal Schooling,80
Female,2,CSE,Schooling with Tuitions,90
Female,2,CSIT,Schooling with Tuitions,80
Male,2,CSE,Normal Schooling,80
Female,2,CSIT,Normal Schooling,80
Male,2,EN,Normal Schooling,70
Male,2,IT,Normal Schooling,90
Male,2,IT,Schooling with Tuitions,80
Male,2,CSE,Normal Schooling,90
Male,2,ECE,Schooling with Tuitions,80
Male,2,CSIT,Coaching Based Schools,90
Male,2,CS,Normal Schooling,80
Female,2,IT,Normal Schooling,60
Female,2,CSIT,Normal Schooling,90
Male,2,CSE,Schooling with Tuitions,90
Male,2,IT,Schooling with Tuitions,80
Male,2,IT,Normal Schooling,90
Male,2,CSIT,Schooling with Tuitions,90
Male,2,IT,Schooling with Tuitions,90
Male,2,ECE,Schooling with Tuitions,80
Male,2,CSE,Schooling with Tuitions,90
Male,2,CSIT,Normal Schooling,70
Male,2,ECE,Normal Schooling,80
Male,2,ECE,Normal Schooling,80
Male,2,CS,Normal Schooling,80
Male,2,CSIT,Normal Schooling,80
Male,2,CSIT,Normal Schooling,80
Male,2,CS,Schooling with Tuitions,80
Male,2,CS,Normal Schooling,80
Male,2,CS,Schooling with Tuitions,90
Male,2,ECE,Schooling with Tuitions,80
Male,2,CSIT,Normal Schooling,80
Male,2,CS,Normal Schooling,90
Female,2,CSE,Schooling with Tuitions,90
Female,2,CSIT,Normal Schooling,90
Male,2,CSE,Normal Schooling,90
Female,2,CS,Normal Schooling,80
Male,3,EN,Schooling with Tuitions,80
Male,2,CS,Normal Schooling,80
Male,2,CS,Normal Schooling,90
Male,2,CSIT,Normal Schooling,80
Male,2,CSAI,Normal Schooling,90
Female,2,CSAI,Schooling with Tuitions,80
Male,2,CSIT,Schooling with Tuitions,70
Male,2,CSIT,Normal Schooling,70
Male,2,CSE,Normal Schooling,80
Male,2,CSE,Normal Schooling,90
Male,2,CSIT,Schooling with Tuitions,80
Male,2,CSME,Normal Schooling,90
Male,2,ECE,Normal Schooling,90
Male,1,CS,Coaching Based Schools,90
Male,1,CSIT,Normal Schooling,70
Female,2,CSIT,Normal Schooling,90
Male,1,CSME,Normal Schooling,90
Male,1,CS,Normal Schooling,90
Male,1,CSIT,Normal Schooling,80
Male,1,CS,Normal Schooling,90
Male,1,CS,Normal Schooling,80
Male,1,ECE,Schooling with Tuitions,90
Male,2,CSAI,Normal Schooling,90
Male,3,CSE,Normal Schooling,80
Male,1,CSIT,Normal Schooling,90
Male,1,CSME,Normal Schooling,80
Male,1,CSE,Schooling with Tuitions,90
Male,1,CSIT,Normal Schooling,90
Male,2,IT,Normal Schooling,70
Male,1,IT,Schooling with Tuitions,80
Male,1,IT,Normal Schooling,70
Male,2,CS,Normal Schooling,70
Male,2,CS,Normal Schooling,90
Male,1,CSIT,Normal Schooling,90
Male,2,ECE,Normal Schooling,90
Male,1,ME,Normal Schooling,60
Male,1,CSME,Schooling with Tuitions,80
Male,1,CS,Schooling with Tuitions,80
Female,2,EN,Schooling with Tuitions,80
Male,2,CSIT,Normal Schooling,90
Male,1,CS,Normal Schooling,60
Female,2,CSME,Schooling with Tuitions,80
Male,1,ECE,Normal Schooling,80
Male,1,CSIT,Schooling with Tuitions,90
Male,1,CSIT,Normal Schooling,90
Male,1,CSIT,Normal Schooling,90
Male,2,CSIT,Normal Schooling,90
Male,2,CSAI,Normal Schooling,90
Male,2,CE,Normal Schooling,60
Male,2,ECE,Normal Schooling,80
Male,1,EN,Normal Schooling,80
Male,1,CSME,Normal Schooling,90
Female,1,ECE,Schooling with Tuitions,80
Male,2,IT,Normal Schooling,90
Male,1,CSME,Normal Schooling,80
Male,1,ME,Normal Schooling,70
Male,2,CSE,Normal Schooling,90
Male,1,CSAI,Normal Schooling,80
Male,2,CSE,Normal Schooling,80
Male,1,EN,Normal Schooling,70
Male,1,CSAI,Schooling with Tuitions,80
Female,2,ECE,Schooling with Tuitions,80
Male,2,CS,Normal Schooling,90
Male,2,CSE,Schooling with Tuitions,90
Female,2,CSE,Normal Schooling,90
Male,2,CSIT,Normal Schooling,70
Male,1,CS,Schooling with Tuitions,90
Female,2,EN,Normal Schooling,90
Male,2,CS,Schooling with Tuitions,80
Male,2,CSIT,Normal Schooling,70
Female,1,CSE,Schooling with Tuitions,90
Male,3,CSE,Normal Schooling,90
Female,2,IT,Normal Schooling,80
Male,2,IT,Schooling with Tuitions,80
Female,2,CSIT,Normal Schooling,90
Female,1,CSE,Normal Schooling,90
Male,1,IT,Schooling with Tuitions,90
Female,2,IT,Normal Schooling,80
Female,2,CS,Schooling with Tuitions,80
Male,2,ME,Normal Schooling,90
Male,2,CSIT,Schooling with Tuitions,80
Male,1,CSME,Schooling with Tuitions,90
Female,2,CS,Schooling with Tuitions,70
Male,3,CS,Schooling with Tuitions,90
Male,2,ME,Schooling with Tuitions,90
Male,2,ECE,Normal Schooling,70
Male,2,CS,Normal Schooling,90
Male,2,CSIT,Coaching Based Schools,90
Male,1,ECE,Normal Schooling,70
Female,3,CS,Normal Schooling,90
Male,2,CSIT,Normal Schooling,80
Male,1,CS,Normal Schooling,80
Male,1,ECE,Normal Schooling,80
Male,2,ME,Normal Schooling,90
Male,2,CSIT,Schooling with Tuitions,70
Male,2,CSIT,Normal Schooling,80
Male,1,ECE,Schooling with Tuitions,90
Male,1,CSIT,Normal Schooling,80
Male,2,ME,Normal Schooling,80
Male,2,CSAI,Normal Schooling,90
Male,2,CS,Normal Schooling,90
Male,2,ECE,Normal Schooling,80
Male,2,CSIT,Schooling with Tuitions,80
Male,2,CSE,Normal Schooling,90
Female,3,CSE,Normal Schooling,90
Male,3,CSE,Schooling with Tuitions,80
Male,2,ECE,Schooling with Tuitions,80
Female,2,EN,Normal Schooling,90
Female,2,CSAI,Normal Schooling,90
Female,2,IT,Schooling with Tuitions,90
Male,2,CSAI,Schooling with Tuitions,80
Female,2,CSIT,Normal Schooling,80
Male,2,CS,Normal Schooling,90
Female,3,CS,Schooling with Tuitions,90
Male,3,CS,Normal Schooling,80
Female,2,MCA,Schooling with Tuitions,70
Male,2,MCA,Normal Schooling,80
Male,2,CS,Schooling with Tuitions,60
Male,2,CSIT,Normal Schooling,80
Male,2,MCA,Schooling with Tuitions,60
Female,2,CSAI,Schooling with Tuitions,90
Male,2,MCA,Schooling with Tuitions,70
Female,2,MCA,Normal Schooling,70
Male,2,IT,Normal Schooling,80
Female,3,CS,Normal Schooling,80
Female,2,CSE,Schooling with Tuitions,90
Male,2,ECE,Normal Schooling,90
Female,2,ECE,Normal Schooling,70
Female,2,MCA,Normal Schooling,80
Male,2,ECE,Normal Schooling,80
Female,2,ECE,Normal Schooling,80
Male,2,CSIT,Normal Schooling,80
Female,2,ECE,Schooling with Tuitions,90
Female,2,ECE,Schooling with Tuitions,80
Male,2,CSE,Normal Schooling,90
Male,2,CSIT,Schooling with Tuitions,90
Male,2,MCA,Normal Schooling,59
Male,2,ECE,Normal Schooling,80
Male,2,MCA,Schooling with Tuitions,60
Male,2,ECE,Normal Schooling,60
Male,2,MCA,Normal Schooling,60
Male,2,CS,Schooling with Tuitions,90
Male,2,ECE,Normal Schooling,90
Female,2,ECE,Normal Schooling,90
Male,2,CSE,Schooling with Tuitions,80
Male,2,ECE,Normal Schooling,90
Male,2,IT,Normal Schooling,80
Male,2,CS,Schooling with Tuitions,90
Male,2,ECE,Schooling with Tuitions,80
Male,2,ECE,Normal Schooling,70
Female,2,CSIT,Normal Schooling,90
Female,2,ECE,Normal Schooling,90
Male,1,CSAI,Normal Schooling,90
Female,1,ECE,Normal Schooling,80
Female,2,CS,Normal Schooling,80
Male,1,CSAI,Schooling with Tuitions,90
Female,2,CS,Schooling with Tuitions,90
Female,2,CSIT,Normal Schooling,90
Female,2,CS,Normal Schooling,90
Female,2,ECE,Normal Schooling,90
Male,1,ECE,Normal Schooling,80
Female,2,CS,Normal Schooling,90
Male,2,ECE,Schooling with Tuitions,70
Male,2,IT,Schooling with Tuitions,80
Male,2,CS,Normal Schooling,90
Male,2,MCA,Coaching Based Schools,70
Male,2,CSIT,Schooling with Tuitions,90
Female,2,ECE,Normal Schooling,80
Female,3,CSE,Schooling with Tuitions,90
Male,2,ECE,Normal Schooling,80
Male,2,CSIT,Normal Schooling,90
Male,2,ECE,Normal Schooling,80
Male,2,MCA,Normal Schooling,80
